step,train,dev
0,4.70872015953064,4.703573608398438
250,2.569333553314209,2.591428346633911
500,2.4055711889266966,2.4299271392822264
750,2.2990884304046633,2.32218786239624
1000,2.205067524909973,2.2331447076797484
1250,2.1344545459747315,2.166556968688965
1500,2.0729828000068666,2.109397678375244
1750,2.0237935996055603,2.062482466697693
2000,1.9827253413200379,2.0214562249183654
2250,1.9448210144042968,1.9859053230285644
2500,1.9153114891052245,1.9538054060935974
2750,1.882513289451599,1.9284774565696716
3000,1.8602374243736266,1.9013764214515687
3250,1.8324234771728516,1.877461907863617
3500,1.808675103187561,1.8563710117340089
3750,1.785638723373413,1.834772891998291
4000,1.7714656805992126,1.8254573702812196
4250,1.7531622815132142,1.8033098149299622
4500,1.7323764181137085,1.7890172815322876
4750,1.712870135307312,1.7710910844802856
5000,1.7023464798927308,1.7623869276046753
